condition,simulation,p_value,margin
null,0,0.695,-0.0063102865070041765
null,1,0.705,-0.009932062314866387
null,2,0.43,0.0022079078771074815
null,3,0.375,0.004978596469479037
null,4,0.19,0.013807062927712216
null,5,0.89,-0.019588008887106947
null,6,0.865,-0.017532318637742364
null,7,0.62,-0.003927791784728501
null,8,0.915,-0.020452055672231746
null,9,0.93,-0.02198929865114583
null,10,0.89,-0.0183743837836338
null,11,0.765,-0.011752986222523597
null,12,0.305,0.007996281267570217
null,13,0.63,-0.0049664866647649766
null,14,0.45,0.0023368548091715355
null,15,0.34,0.006262323263249716
null,16,0.39,0.0055307568870492565
null,17,0.08,0.019913281731760196
null,18,0.59,-0.0019766881028646433
null,19,0.865,-0.01733071797226089
null,20,0.395,0.004520259618308893
null,21,0.575,-0.0034075574943044206
null,22,0.505,-0.0006968527823774714
null,23,0.855,-0.01576494873712963
null,24,0.815,-0.01461082282990615
null,25,0.11,0.019767025160956228
null,26,0.63,-0.0051750820123439845
null,27,0.015,0.037542676349022475
null,28,0.44,0.0024017336476728525
null,29,0.38,0.006485138584414241
null,30,0.775,-0.008617714143660703
null,31,0.975,-0.033720003453715605
null,32,0.065,0.021725341418605104
null,33,0.595,-0.004527182162345142
null,34,0.095,0.020511735458038395
null,35,0.275,0.009083020588225207
null,36,0.85,-0.01904540987617152
null,37,0.92,-0.022099715888294773
null,38,0.475,0.002207735620851179
null,39,0.79,-0.01139682880522111
null,40,0.565,-0.0015445191359372348
null,41,0.935,-0.02505568930716339
null,42,0.74,-0.00784612553648684
null,43,0.445,0.0009282758912835627
null,44,0.3,0.008169953858570079
null,45,0.715,-0.007485511077040123
null,46,0.88,-0.017475163359621983
null,47,0.875,-0.016983765636981472
null,48,0.185,0.012945412488867374
null,49,0.065,0.022847547556278856
null,50,0.88,-0.01720419555983746
null,51,0.35,0.007196209239185246
null,52,0.83,-0.015127084476519224
null,53,0.475,0.0013882672068390297
null,54,0.03,0.02861138088330744
null,55,0.22,0.0120384314213646
null,56,0.9,-0.018122191863886004
null,57,0.7,-0.0076503851429750094
null,58,0.175,0.014475605407796435
null,59,0.715,-0.008328635033939134
null,60,0.34,0.007990205444539603
null,61,0.385,0.005889013192553735
null,62,0.87,-0.018817568253150035
null,63,0.72,-0.009716289051356772
null,64,0.755,-0.009813761258927078
null,65,0.31,0.009826099134518861
null,66,0.155,0.015017302634491792
null,67,0.955,-0.026023316641866294
null,68,0.04,0.024775056461146173
null,69,0.96,-0.02246023175406464
null,70,0.295,0.01029343778302784
null,71,0.68,-0.006769242645050331
null,72,0.485,-0.000438826600920692
null,73,1.0,-0.040526669554908856
null,74,0.025,0.03992032378021418
null,75,0.5,0.002148197062714312
null,76,0.96,-0.02526768311849481
null,77,0.785,-0.013514903868926745
null,78,0.005,0.04418073070071124
null,79,0.58,-0.0030614235273072146
null,80,0.425,0.004043121408225931
null,81,0.215,0.012564710342965814
null,82,0.58,-0.004119497649218239
null,83,0.44,0.0028333185234126097
null,84,0.865,-0.015105215163081625
null,85,0.57,-0.003780775140342577
null,86,0.295,0.00786463020552089
null,87,0.85,-0.01701561863006486
null,88,0.47,0.002565875506000082
null,89,0.33,0.006762897031338011
null,90,0.635,-0.00441693087005023
null,91,0.725,-0.009356077065735359
null,92,0.035,0.029446891214787843
null,93,0.405,0.0039400651380793895
null,94,0.14,0.01527249908334862
null,95,0.38,0.0055324724142011015
null,96,0.145,0.016105727613411006
null,97,0.035,0.0281011856181995
null,98,0.43,0.0019866752369233106
null,99,0.36,0.00612797944058901
null,100,0.095,0.023046480747377193
null,101,0.835,-0.01717880775066472
null,102,0.35,0.006182696962464684
null,103,0.33,0.005886602480969594
null,104,0.61,-0.004262950163219679
null,105,0.61,-0.006361099122794131
null,106,0.795,-0.014397366751518766
null,107,0.88,-0.015486161747132382
null,108,0.455,0.0020855283948198943
null,109,0.26,0.010114957941163356
null,110,0.875,-0.016661090763383984
null,111,0.38,0.0038458811266488457
null,112,0.64,-0.004667966006902271
null,113,0.63,-0.005434440226602926
null,114,0.89,-0.018312311108631556
null,115,0.13,0.02010222146597693
null,116,0.815,-0.013703589286665901
null,117,0.89,-0.016735907507036366
null,118,0.195,0.012269838561976653
null,119,0.45,0.002947051361006983
null,120,0.275,0.01022402147682179
null,121,0.84,-0.01341914475773254
null,122,0.1,0.019674572304825312
null,123,0.84,-0.013783527701703921
null,124,0.025,0.029233660068670432
null,125,0.59,-0.0041876647925271114
null,126,0.68,-0.006962910213146351
null,127,0.635,-0.004924671786158763
null,128,0.495,-0.00022835859844449503
null,129,0.925,-0.018358946304722665
null,130,0.89,-0.01764880032056782
null,131,0.89,-0.017842403837585025
null,132,0.515,-0.0011946828071252103
null,133,0.1,0.021537544598825904
null,134,0.53,-0.000957904080312961
null,135,0.32,0.007564510702217245
null,136,0.46,0.0024362780439124865
null,137,0.175,0.015547261338238888
null,138,0.865,-0.018219590764758493
null,139,0.28,0.01040375438102843
null,140,0.255,0.010629534654462428
null,141,0.54,-0.0006300260384322092
null,142,0.59,-0.0023339499439994247
null,143,0.095,0.017233340187238932
null,144,0.87,-0.016336588161572355
null,145,0.905,-0.02163545434446493
null,146,0.66,-0.007094847347961331
null,147,0.06,0.025016303777163604
null,148,0.36,0.005709511980733186
null,149,0.19,0.013058430107067876
null,150,0.8,-0.012347592256226348
null,151,0.59,-0.004110104014130359
null,152,0.165,0.014394139704596881
null,153,0.805,-0.011838445949404629
null,154,0.255,0.011101304233713125
null,155,0.67,-0.00661705472195521
null,156,0.235,0.011973783579304934
null,157,0.78,-0.012793554429049048
null,158,0.195,0.015400803817755384
null,159,0.26,0.009543800720233616
null,160,0.305,0.006530340673906292
null,161,0.215,0.011378897268615717
null,162,0.305,0.007539453687057918
null,163,0.695,-0.007305895025564499
null,164,0.635,-0.004304231084776262
null,165,0.855,-0.013508239223744249
null,166,0.355,0.006265352813814065
null,167,0.25,0.010280666762232472
null,168,0.205,0.01125613610383357
null,169,0.745,-0.009642233641021365
null,170,0.605,-0.004120907239720552
null,171,0.24,0.014534742437966791
null,172,0.835,-0.013600257852469278
null,173,0.595,-0.00407639122514628
null,174,0.91,-0.019297055658126498
null,175,0.93,-0.02426846982413616
null,176,1.0,-0.04893624199661743
null,177,0.905,-0.021233462317312768
null,178,0.43,0.0034787952469440843
null,179,0.34,0.006296241860295498
null,180,0.24,0.011080597699784379
null,181,0.425,0.0034587386908637354
null,182,0.355,0.005580654538646506
null,183,0.61,-0.0032954592042083045
null,184,0.725,-0.008803849632768973
null,185,0.11,0.01941646945290261
null,186,0.255,0.011000987571996272
null,187,0.175,0.015136559145586953
null,188,0.17,0.014430064889023014
null,189,0.205,0.012912344809694611
null,190,0.675,-0.00850948649349003
null,191,0.005,0.04838181316362886
null,192,0.955,-0.026447336894734663
null,193,0.87,-0.017088909797323373
null,194,0.615,-0.0040951229650932446
null,195,0.345,0.007814032685928066
null,196,0.685,-0.007095088523760491
null,197,0.14,0.01723460620193842
null,198,0.395,0.003417372994481421
null,199,0.17,0.015305728603312634
null,200,0.965,-0.026317570816204127
null,201,0.715,-0.010028328794133387
null,202,0.81,-0.01441489409170367
null,203,0.25,0.011264557476089948
null,204,0.355,0.006661134084257169
null,205,0.175,0.014747800949533414
null,206,0.835,-0.015019178371930314
null,207,0.76,-0.01122237477208968
null,208,0.97,-0.026895989927756485
null,209,0.41,0.004040930943199729
null,210,0.19,0.012847558126149405
null,211,0.595,-0.00318619782168752
null,212,0.62,-0.003925000596460337
null,213,0.53,-0.000879710013738795
null,214,0.635,-0.004195422335203272
null,215,0.305,0.007937949403870447
null,216,0.845,-0.012633156790467873
null,217,0.57,-0.00295451833781157
null,218,0.135,0.017863109390052822
null,219,0.09,0.020718107619258422
null,220,0.84,-0.015763726830980276
null,221,0.855,-0.01529174344294652
null,222,0.865,-0.015724020790492066
null,223,0.435,0.0023506439322512496
null,224,0.635,-0.0062422416285317
null,225,0.96,-0.026685058986017657
null,226,0.35,0.006424455705361757
null,227,0.705,-0.00849414337324969
null,228,0.2,0.014895544405008081
null,229,0.35,0.007243822422047023
null,230,0.88,-0.019152217559322653
null,231,0.435,0.0024204608158179585
null,232,0.345,0.0059143926336045006
null,233,0.46,0.0028068925189018963
null,234,0.475,0.0003420464168827908
null,235,0.125,0.01891682272004127
null,236,0.48,0.0008614995072147372
null,237,0.595,-0.0022801468289611777
null,238,0.285,0.010838486606795953
null,239,0.025,0.03195556214560118
null,240,0.09,0.025579004876703258
null,241,0.15,0.015995227641190105
null,242,0.15,0.018871990430989236
null,243,0.2,0.014269778751403504
null,244,0.07,0.019429151308520094
null,245,0.885,-0.014965653391214494
null,246,0.215,0.013963376863976668
null,247,0.34,0.005065310204897503
null,248,0.685,-0.005922046785697629
null,249,0.81,-0.01414332860521113
null,250,0.825,-0.013284678268412564
null,251,0.405,0.0038891314813674915
null,252,0.215,0.013217938804418282
null,253,0.57,-0.0012700447240687487
null,254,0.02,0.03686200694145818
null,255,0.42,0.0026576189025340497
null,256,0.415,0.004768303469021814
null,257,0.73,-0.009062848418381252
null,258,0.58,-0.005632849780150337
null,259,0.565,-0.0023486093028729825
null,260,0.515,-0.00010899533228062898
null,261,0.78,-0.011638989359352123
null,262,0.38,0.004456033663510016
null,263,0.655,-0.006220382670616647
null,264,0.61,-0.0060155839623538725
null,265,0.33,0.005858215847918988
null,266,0.51,-0.0013359163452902403
null,267,0.96,-0.025910731402546888
null,268,0.66,-0.007130464091588672
null,269,0.205,0.015339593339182132
null,270,0.145,0.020080131742668653
null,271,0.31,0.008042453570079145
null,272,0.255,0.012580807535134218
null,273,0.45,0.003062846470763656
null,274,0.645,-0.004780101645281358
null,275,0.72,-0.007341966949062301
null,276,0.29,0.008235715766174528
null,277,0.015,0.029752696708792825
null,278,0.455,0.0023167852180519984
null,279,0.97,-0.028860735234843095
null,280,0.475,0.000641297789888251
null,281,0.935,-0.0234530795581084
null,282,0.6,-0.004386018244414547
null,283,0.68,-0.006866583125610171
null,284,0.565,-0.0033017936548113977
null,285,0.02,0.030800218198099975
null,286,0.915,-0.020751922788504656
null,287,0.84,-0.015795116725920065
null,288,0.365,0.004530972735663676
null,289,0.43,0.0018180455461339331
null,290,0.1,0.02304993600809467
null,291,0.925,-0.02236273696962145
null,292,0.23,0.01025456579497772
null,293,0.035,0.029927043515978424
null,294,0.11,0.020582826126437494
null,295,0.06,0.023128475171151838
null,296,0.66,-0.007708652778511584
null,297,0.22,0.012642717184035424
null,298,0.95,-0.029219638729221117
null,299,0.575,-0.0033745612889480936
null,300,0.81,-0.011453358129413548
null,301,0.305,0.008171962682580743
null,302,0.61,-0.004789163959712199
null,303,0.3,0.008482066778736544
null,304,0.375,0.005802013902271059
null,305,0.895,-0.022939882463375475
null,306,0.905,-0.021846414947813374
null,307,0.09,0.019517936654723088
null,308,0.86,-0.015162775016614068
null,309,0.93,-0.0247740462903207
null,310,0.715,-0.007717966052131965
null,311,0.185,0.01493930137816175
null,312,0.58,-0.0028576709313776058
null,313,0.365,0.006968309717662114
null,314,0.465,9.064651064276267e-05
null,315,0.395,0.003520475836820408
null,316,0.23,0.010556099703945837
null,317,0.17,0.013988266527782166
null,318,0.015,0.037522491909390276
null,319,0.78,-0.011456743722330394
null,320,0.815,-0.012677579533211813
null,321,0.57,-0.0012438166943328308
null,322,0.95,-0.023781233652572325
null,323,0.205,0.014735065984677989
null,324,0.125,0.015469257503465506
null,325,0.72,-0.008956294729673447
null,326,0.045,0.02590580716749305
null,327,0.845,-0.013118443830441997
null,328,0.04,0.030410913720320173
null,329,0.72,-0.008009365783349667
null,330,0.915,-0.017421308219324336
null,331,0.59,-0.0022642238211574434
null,332,0.335,0.007872348251840695
null,333,0.405,0.005832753261953934
null,334,0.58,-0.0030644802794926205
null,335,0.04,0.02550274293121453
null,336,0.135,0.017713142462534373
null,337,0.25,0.00896123461822022
null,338,0.235,0.010358937579752822
null,339,0.725,-0.010264985285811937
null,340,0.865,-0.01865237658701563
null,341,0.425,0.0023023607132206594
null,342,0.095,0.019942466878156102
null,343,0.38,0.004687822964291891
null,344,0.675,-0.006710652117951216
null,345,0.4,0.0041192890370786266
null,346,0.71,-0.007666311312961622
null,347,0.8,-0.015589085933630977
null,348,0.165,0.01803197495957365
null,349,0.605,-0.002977198929422988
null,350,0.45,0.002899382184715026
null,351,0.305,0.00898991535809341
null,352,0.79,-0.010637618072814393
null,353,0.5,-0.0014428052456476478
null,354,0.88,-0.01586587556015435
null,355,0.955,-0.02848755976187447
null,356,0.005,0.04466989388707511
null,357,0.315,0.008059258671340367
null,358,0.595,-0.0036682893420188784
null,359,0.88,-0.01765080651515432
null,360,0.225,0.011797926391108212
null,361,0.77,-0.01249802680394148
null,362,0.11,0.020108729982321237
null,363,0.12,0.018495335993431138
null,364,0.72,-0.010380023402785675
null,365,0.91,-0.022062980762166833
null,366,0.655,-0.0073703815147886514
null,367,0.545,-0.0009729536127726102
null,368,0.77,-0.011346853057554675
null,369,0.8,-0.012190697928836793
null,370,0.265,0.010592702720613805
null,371,0.32,0.007191106609335978
null,372,0.625,-0.0033726112441902537
null,373,0.25,0.010634528055269309
null,374,0.055,0.02792993712021951
null,375,0.33,0.007476631431407265
null,376,0.205,0.013015491007524398
null,377,0.295,0.00885598284697256
null,378,0.75,-0.011717037715673798
null,379,0.315,0.005729142202461422
null,380,0.37,0.005688597536441063
null,381,0.75,-0.010974400201074493
null,382,0.52,-0.0018668982395248813
null,383,0.1,0.02279115167563974
null,384,0.715,-0.009583420879686918
null,385,0.655,-0.006902241937411787
null,386,0.7,-0.008136053247938847
null,387,0.15,0.016903798046811355
null,388,0.915,-0.022819953494370576
null,389,0.625,-0.005134652106112693
null,390,0.89,-0.019182586355085098
null,391,0.025,0.03096901430261872
null,392,0.345,0.005031080105558898
null,393,0.405,0.004266658853527364
null,394,0.375,0.005382412256366427
null,395,0.365,0.005690087362649586
null,396,0.54,-0.0006847736018061848
null,397,0.535,-0.0004257736896602966
null,398,0.725,-0.009867630367683884
null,399,0.05,0.02412217983650801
null,400,0.8,-0.014419380132405209
null,401,0.475,0.0011626874728178998
null,402,0.43,0.00549882444088285
null,403,0.925,-0.01981706071879182
null,404,0.175,0.013452603797581258
null,405,0.21,0.012882101756759764
null,406,0.21,0.014162808981451513
null,407,0.95,-0.024741240551453582
null,408,0.935,-0.025059885596260066
null,409,0.865,-0.019694837542844856
null,410,0.855,-0.01839401226402193
null,411,0.94,-0.02162175995867657
null,412,0.265,0.01159069054215694
null,413,0.84,-0.016010390336643737
null,414,0.145,0.018576414817050343
null,415,0.465,0.001530497890741207
null,416,0.215,0.009681886187797133
null,417,0.425,0.0026458921528800423
null,418,0.275,0.007797921904910046
null,419,0.93,-0.02098862918794578
null,420,0.615,-0.0036263087562360247
null,421,0.605,-0.002896091894554602
null,422,0.17,0.016044651019275512
null,423,0.915,-0.023865522677022518
null,424,0.74,-0.00967451024035542
null,425,0.285,0.00953426492180259
null,426,0.95,-0.025458892564818515
null,427,0.295,0.008793725874096683
null,428,0.47,4.551931363639371e-05
null,429,0.6,-0.004803098759154382
null,430,0.455,0.0022698991454179846
null,431,0.46,0.001491660205778984
null,432,0.57,-0.0034927243649970924
null,433,0.41,0.0034554727370313017
null,434,0.595,-0.0028455837982154977
null,435,0.255,0.010556674929249221
null,436,0.965,-0.03142148999695233
null,437,0.66,-0.006327127206804661
null,438,0.055,0.024018806861636592
null,439,0.295,0.00915219195413291
null,440,0.695,-0.00807635991241902
null,441,0.14,0.016267116182813283
null,442,0.735,-0.00962721674525047
null,443,0.065,0.023775848590511094
null,444,0.635,-0.005220825306988431
null,445,0.43,0.0032529112399293154
null,446,0.76,-0.010287992687802772
null,447,0.91,-0.02179730868643237
null,448,0.675,-0.005648348589159926
null,449,0.08,0.021578619609681774
null,450,0.445,0.001854591888950662
null,451,0.735,-0.008400623323268753
null,452,0.05,0.026180811461792887
null,453,0.235,0.00948548026216469
null,454,0.83,-0.015811368509188073
null,455,0.09,0.02052207878792387
null,456,0.19,0.017565803377687376
null,457,0.415,0.004309349324122988
null,458,0.11,0.0172069959061918
null,459,0.745,-0.009308891780226564
null,460,0.055,0.025012025838309273
null,461,0.58,-0.0010466401050710345
null,462,0.17,0.015415548248770504
null,463,0.85,-0.016909392297267435
null,464,0.625,-0.0031754617799733516
null,465,0.43,0.00275861301311767
null,466,0.085,0.021240230613029706
null,467,0.385,0.00629039295818783
null,468,0.345,0.005906716824879252
null,469,0.085,0.020150530292476248
null,470,0.48,7.207540780933708e-05
null,471,0.685,-0.006226251753369289
null,472,0.515,-0.0008892344053800585
null,473,0.655,-0.0054897574573334156
null,474,0.08,0.021595502210883445
null,475,0.53,-0.0013525509705483913
null,476,0.39,0.003151492458818005
null,477,0.86,-0.01813818101684943
null,478,0.565,-0.0031237239381064607
null,479,0.36,0.005436415298066306
null,480,0.665,-0.006064685984126829
null,481,0.705,-0.006141534426009039
null,482,0.7,-0.0070971191888472215
null,483,0.385,0.0037006067436407396
null,484,0.605,-0.005278070965099584
null,485,0.535,-0.0022046024488693913
null,486,0.955,-0.02812895148047273
null,487,0.735,-0.008758667747656075
null,488,0.505,-0.0004812056729135471
null,489,0.02,0.03450042466668908
null,490,0.75,-0.00953035049472727
null,491,0.695,-0.008521829123276578
null,492,0.95,-0.029161302003390382
null,493,0.585,-0.0034943915558568583
null,494,0.51,0.0016215407517484836
null,495,0.395,0.003793239263737033
null,496,0.24,0.011547002802022368
null,497,0.99,-0.03378842386118368
null,498,0.895,-0.020342953676760193
null,499,0.9,-0.02143596641400069
null,500,0.6,-0.0027783852168947205
null,501,0.34,0.004086834144708597
null,502,0.945,-0.024420132255381973
null,503,0.65,-0.004469498261551817
null,504,0.025,0.02889547591119309
null,505,0.675,-0.0063228957651553655
null,506,0.395,0.0044396359590202225
null,507,0.2,0.01467252616495185
null,508,0.815,-0.01407678092816774
null,509,0.545,-0.0024186929784527694
null,510,0.185,0.014752231204098083
null,511,0.52,-0.00044091225455301073
null,512,0.4,0.0047880413163299135
null,513,0.61,-0.003632830204502444
null,514,0.695,-0.007222729867654719
null,515,0.675,-0.006143648316629389
null,516,0.605,-0.0040734979551800025
null,517,0.07,0.02604400894737578
null,518,0.175,0.013871689722628299
null,519,0.42,0.003214935650426062
null,520,0.02,0.037814457791973254
null,521,0.095,0.01935643144645713
null,522,0.485,0.0007529690740024682
null,523,0.885,-0.018822703269446614
null,524,0.81,-0.012348583815619495
null,525,0.065,0.02615213117927085
null,526,0.08,0.022632490982121722
null,527,0.53,-0.0015216910586504633
null,528,0.52,-0.0011992541930348653
null,529,0.02,0.036195637665550805
null,530,0.885,-0.017564895049784535
null,531,0.98,-0.027818755642938238
null,532,0.635,-0.004774557084967837
null,533,0.22,0.012032953205509988
null,534,0.405,0.004640394424186808
null,535,0.22,0.012551506003155199
null,536,0.665,-0.00620237971572197
null,537,0.235,0.010947362049527396
null,538,0.17,0.014177843237160323
null,539,0.725,-0.010554642296076316
null,540,0.195,0.013686418286725302
null,541,0.15,0.01598787798078954
null,542,0.59,-0.004056854900753593
null,543,0.87,-0.015531420921916266
null,544,0.05,0.02928480354268406
null,545,0.27,0.009577359156857382
null,546,0.995,-0.042258782753736596
null,547,0.535,-0.0005104304972592096
null,548,0.42,0.003051479473019071
null,549,0.63,-0.007306403310525381
null,550,0.005,0.037372752863950046
null,551,0.015,0.03821039548553406
null,552,0.92,-0.02181716085760847
null,553,0.095,0.02014732668237893
null,554,0.595,-0.004735412211354522
null,555,0.435,0.004031271144843753
null,556,0.14,0.018406677568523662
null,557,0.34,0.005962144277623688
null,558,0.585,-0.003890022514822806
null,559,0.855,-0.01670612769356093
null,560,0.13,0.017514284891628266
null,561,0.38,0.0036720277913705537
null,562,0.435,0.0024619456236529367
null,563,0.045,0.03073414248789881
null,564,0.15,0.01963172451304385
null,565,0.005,0.03379453420131675
null,566,0.94,-0.02454133761676472
null,567,0.225,0.012795792371255056
null,568,0.895,-0.02209769753526801
null,569,0.215,0.01275597590028991
null,570,0.95,-0.02532818449485405
null,571,0.4,0.005018422347650141
null,572,0.875,-0.018397052198722137
null,573,0.31,0.008065188920249329
null,574,0.145,0.01721170132389713
null,575,0.845,-0.014801023330339275
null,576,0.875,-0.016678236218897347
null,577,0.57,-0.001565808367805197
null,578,0.225,0.01235467505743387
null,579,0.79,-0.010330952233902839
null,580,0.795,-0.013951776136436745
null,581,0.23,0.012416399655045193
null,582,0.345,0.005902308166376093
null,583,0.205,0.01442981370773348
null,584,0.195,0.013199982743032036
null,585,0.885,-0.01711979546807923
null,586,0.345,0.0074688201579333315
null,587,0.36,0.005212216944696988
null,588,0.685,-0.007383797685283012
null,589,0.54,-0.0011574861219839343
null,590,0.8,-0.012345166214453657
null,591,0.815,-0.014898725839302745
null,592,0.995,-0.039178352031721396
null,593,0.34,0.005708563046353181
null,594,0.86,-0.017714458143376507
null,595,0.015,0.031014681020761926
null,596,0.1,0.0231403082580434
null,597,0.62,-0.0027850515996261207
null,598,0.575,-0.002232953492032246
null,599,0.495,0.0007081316524977996
null,600,0.255,0.009091546867530963
null,601,0.395,0.00420323087396088
null,602,0.37,0.005189338021718481
null,603,0.755,-0.01135167834988422
null,604,0.43,0.005090403983113438
null,605,0.09,0.019344352023408774
null,606,0.09,0.022874603602289528
null,607,0.42,0.005678814846254345
null,608,0.74,-0.007699491986815139
null,609,0.82,-0.012919238087339472
null,610,0.755,-0.012776478402871912
null,611,0.995,-0.05817638390891961
null,612,0.06,0.024513627419948825
null,613,0.765,-0.01161559083572042
null,614,0.995,-0.03325487049910122
null,615,0.83,-0.012823297691236817
null,616,0.345,0.008648367183643941
null,617,0.135,0.01712761748513129
null,618,0.1,0.02014333670299692
null,619,0.23,0.011166416824334762
null,620,0.695,-0.0074486229957163985
null,621,0.56,-0.0019495239395411613
null,622,0.545,-0.0002466839786595667
null,623,0.235,0.011007053736798722
null,624,0.035,0.028328794855587872
null,625,0.51,0.0003363889605509053
null,626,0.275,0.008765118058732322
null,627,0.465,0.0008522949680462195
null,628,0.12,0.022649801438988645
null,629,0.67,-0.0072331841106320054
null,630,0.185,0.014825718735527512
null,631,0.04,0.026812098237303413
null,632,0.55,-0.0024118116739481545
null,633,0.295,0.009080251308317456
null,634,0.335,0.006758751532200031
null,635,0.24,0.010010399261215606
null,636,0.11,0.02103603402157232
null,637,0.7,-0.008420476538268721
null,638,0.38,0.006660889428974437
null,639,0.705,-0.008904818869566225
null,640,0.48,0.0003222878759622941
null,641,0.805,-0.013757888582235325
null,642,0.43,0.0020711652256520698
null,643,0.835,-0.015836392863731567
null,644,0.29,0.009056442119637896
null,645,0.74,-0.00887485231486048
null,646,0.87,-0.01791837573749216
null,647,0.995,-0.03847556465306922
null,648,0.305,0.008820374184805833
null,649,0.31,0.007605261111502635
null,650,0.475,0.0004640752679038896
null,651,0.09,0.022645186529494578
null,652,0.68,-0.0058750035480664075
null,653,0.64,-0.00474025235957686
null,654,0.975,-0.02836245045186773
null,655,0.975,-0.029792717967047543
null,656,0.575,-0.0029041305005796177
null,657,0.27,0.009837096417698376
null,658,0.935,-0.025322977758487398
null,659,0.94,-0.022404611812853827
null,660,0.73,-0.010725806601078008
null,661,0.265,0.012990116925624778
null,662,0.33,0.006605540275341784
null,663,0.775,-0.011535154698590296
null,664,0.69,-0.009330847160963308
null,665,0.185,0.014041316206631124
null,666,0.275,0.010085764518354185
null,667,0.57,-0.0025803275657294974
null,668,0.53,-0.0005647245807751116
null,669,0.11,0.02236775317894082
null,670,0.835,-0.012729861682818724
null,671,0.695,-0.008422461336819221
null,672,0.815,-0.01216578735454446
null,673,0.89,-0.023745551335606484
null,674,0.835,-0.015123518661171453
null,675,0.475,0.0006626260511109943
null,676,0.985,-0.03842138567756717
null,677,0.165,0.015190563178480554
null,678,0.435,0.0025042446578532824
null,679,0.265,0.009928938182610425
null,680,0.41,0.003197243827615219
null,681,0.435,0.003242588558592151
null,682,0.905,-0.0211527815108914
null,683,0.01,0.03929480893636772
null,684,0.085,0.020717153541057156
null,685,0.625,-0.004109454353078436
null,686,0.335,0.005528815636444126
null,687,0.53,-0.00018466559280431918
null,688,0.655,-0.004841894885246253
null,689,0.42,0.0037893499172779676
null,690,0.435,0.0028065446273806333
null,691,0.84,-0.013592574139306528
null,692,0.965,-0.0250443421702154
null,693,0.365,0.004716231532711824
null,694,0.645,-0.0054147884513145
null,695,0.68,-0.005756784707516557
null,696,0.925,-0.02575920770213798
null,697,0.855,-0.014505551366156081
null,698,0.96,-0.024227005437357715
null,699,0.79,-0.013107734507289099
null,700,0.205,0.013817111804300595
null,701,0.73,-0.009011548866201912
null,702,0.42,0.0029327350252221634
null,703,0.755,-0.013527949191148275
null,704,0.73,-0.009207277643343548
null,705,0.835,-0.016539636670840796
null,706,0.845,-0.016101714599863454
null,707,0.49,0.00043422245665248986
null,708,0.755,-0.009466303616226905
null,709,0.74,-0.008841881422288735
null,710,0.42,0.0029130661641980312
null,711,0.26,0.010228419478652695
null,712,0.78,-0.010826408522377746
null,713,0.945,-0.020648869674029725
null,714,0.505,0.001128850849063336
null,715,0.6,-0.003635479181521864
null,716,0.055,0.028567928285919527
null,717,0.585,-0.0040946781771435455
null,718,0.97,-0.030811309537895498
null,719,0.295,0.009816297768175176
null,720,0.805,-0.012469887134565125
null,721,0.905,-0.019128998286633912
null,722,0.02,0.02923062613779614
null,723,0.615,-0.0048698044357615876
null,724,0.995,-0.036584798207229985
null,725,0.975,-0.033672246264742314
null,726,0.045,0.02662010881091969
null,727,0.695,-0.007413053822698891
null,728,0.035,0.02793616050017565
null,729,0.195,0.012770053736466443
null,730,0.72,-0.00842694814119947
null,731,0.12,0.018048898403262983
null,732,0.75,-0.009522788321538755
null,733,0.3,0.008048681071307372
null,734,0.485,0.00017601340020290644
null,735,0.365,0.006319476231863411
null,736,0.84,-0.014362815653559319
null,737,0.245,0.010607971550095109
null,738,0.1,0.020698404871297437
null,739,0.69,-0.007196690975202368
null,740,0.015,0.041460639719020906
null,741,0.175,0.013279641241174405
null,742,1.0,-0.03686854155682294
null,743,0.215,0.012233984245120597
null,744,0.49,0.00028722843554546194
null,745,0.035,0.030490315480752962
null,746,0.865,-0.018341171756677654
null,747,0.76,-0.01101237776265367
null,748,0.4,0.005206872897506201
null,749,0.42,0.0023756620477580603
null,750,0.645,-0.003957470268067875
null,751,0.77,-0.012065972713614885
null,752,0.52,-0.0007267546881872047
null,753,0.11,0.018907498325874784
null,754,0.36,0.006942259839554641
null,755,0.98,-0.029801659505600656
null,756,0.23,0.012674872818809722
null,757,0.86,-0.016496676861164926
null,758,0.055,0.02539907308990974
null,759,0.83,-0.014045545903453992
null,760,0.56,-0.0022394662513596916
null,761,0.575,-0.003167617951458517
null,762,0.97,-0.02754902393763081
null,763,0.405,0.003980872051129262
null,764,0.52,-0.0018488557452907214
null,765,0.03,0.03154255496070418
null,766,0.545,-0.0022283688128386953
null,767,0.83,-0.013136789584474071
null,768,0.53,-0.0011646214647280948
null,769,0.785,-0.00941903759025077
null,770,0.67,-0.005672175497724197
null,771,0.945,-0.026637041873774633
null,772,0.35,0.004940032427764642
null,773,0.455,0.0016425644796687472
null,774,0.9,-0.019839253318799384
null,775,0.54,-0.001305436639426576
null,776,0.81,-0.012229161445679914
null,777,0.37,0.006031517155706972
null,778,0.275,0.00951013731229535
null,779,0.32,0.006656768208610952
null,780,0.225,0.01278492367233555
null,781,0.635,-0.004482053404818782
null,782,0.485,-0.00025457853224783444
null,783,0.53,-0.00169917878921852
null,784,0.06,0.02593020885193764
null,785,0.015,0.03382972589187749
null,786,0.41,0.0035139630827810057
null,787,0.87,-0.01728664742781326
null,788,0.255,0.008883461767639185
null,789,0.46,0.0017828481462002343
null,790,0.81,-0.014240381231267588
null,791,0.105,0.019243118120383537
null,792,0.67,-0.008136607193166773
null,793,0.845,-0.013765503163146989
null,794,0.16,0.015422082607284851
null,795,0.235,0.011446509361278254
null,796,0.63,-0.0047024224360558056
null,797,0.05,0.026560818005843943
null,798,0.895,-0.018699694308781305
null,799,0.73,-0.010019188481287177
null,800,0.595,-0.003744745311674725
null,801,0.51,0.00023493134211039976
null,802,0.03,0.02659160542897345
null,803,0.725,-0.009771452788713521
null,804,0.89,-0.016832048868254217
null,805,0.235,0.011613510281095724
null,806,0.345,0.007346891758402092
null,807,0.78,-0.01368382239561888
null,808,0.545,-0.0022562947129786542
null,809,0.275,0.009062242628889477
null,810,0.295,0.009720677529237002
null,811,0.14,0.01787660616628466
null,812,0.485,0.0007298387794077675
null,813,0.88,-0.01877972157788497
null,814,0.47,0.0018626863905469868
null,815,0.16,0.012510204698646854
null,816,0.55,-0.001756218663642103
null,817,0.395,0.003846301083176896
null,818,0.205,0.014711177671956344
null,819,0.44,0.0028396466461649175
null,820,0.94,-0.025241971696539266
null,821,0.29,0.009158280544249792
null,822,0.655,-0.005560151837170596
null,823,0.015,0.045041869044595645
null,824,0.87,-0.0189139129109936
null,825,0.63,-0.005125259981841268
null,826,0.07,0.023101197475414725
null,827,0.85,-0.016415374941789657
null,828,0.685,-0.007778886531918368
null,829,0.06,0.02914972719602142
null,830,0.905,-0.01703477146067441
null,831,0.57,-0.0017155909163935903
null,832,0.645,-0.007489915472970006
null,833,0.67,-0.007385155018881096
null,834,0.375,0.005504481102502133
null,835,0.135,0.01819315893664827
null,836,0.06,0.02910392578164239
null,837,0.395,0.004913172922136749
null,838,1.0,-0.0314309856604875
null,839,0.235,0.010524750625514437
null,840,0.88,-0.01944875752763435
null,841,0.26,0.010686587988350569
null,842,0.555,-0.0019023070625528828
null,843,0.565,-0.003273198084495832
null,844,0.555,-0.002714785401341427
null,845,0.165,0.013446996940977576
null,846,0.435,0.0029321414483871877
null,847,0.4,0.004622574908350789
null,848,0.935,-0.02204287164891583
null,849,0.78,-0.015249214325268965
null,850,0.28,0.010450021005757154
null,851,0.915,-0.02040934239989282
null,852,0.175,0.015691532373021684
null,853,0.315,0.007361163537481264
null,854,0.465,0.00199852179158292
null,855,0.845,-0.016598420918157223
null,856,0.95,-0.02482025626887219
null,857,0.67,-0.007516760288243579
null,858,0.195,0.013881629165488572
null,859,0.01,0.03546657237005588
null,860,0.29,0.009709198737131561
null,861,0.975,-0.030463197469779758
null,862,0.215,0.01457517696078909
null,863,0.395,0.003875212642467169
null,864,0.105,0.019538573106163918
null,865,0.595,-0.004011821195595023
null,866,0.09,0.020183197583971975
null,867,0.555,-0.001461601466819945
null,868,0.71,-0.007723713462796231
null,869,0.79,-0.011728752892746743
null,870,0.88,-0.0204185967213817
null,871,0.6,-0.004312621308463421
null,872,0.78,-0.012298684679176126
null,873,0.59,-0.0029740613169739693
null,874,0.07,0.025065529478573968
null,875,0.075,0.02320556668387065
null,876,0.625,-0.005152808833686361
null,877,0.18,0.015433665831885997
null,878,0.775,-0.013566044395057765
null,879,0.515,-0.0010941066993297765
null,880,0.765,-0.011193987722134193
null,881,0.815,-0.013386482921230692
null,882,0.73,-0.008362434034979674
null,883,0.95,-0.024353687165198375
null,884,0.415,0.0045224967861115265
null,885,0.41,0.004124782327463106
null,886,0.88,-0.016370128877346648
null,887,0.05,0.026093971126735144
null,888,0.06,0.025944841989914827
null,889,0.685,-0.005922429310568451
null,890,0.115,0.022266724789179862
null,891,0.815,-0.012705470733810169
null,892,0.165,0.016075832559306592
null,893,0.9,-0.02069098427032599
null,894,0.2,0.011001290053191972
null,895,0.83,-0.01541483467872344
null,896,0.225,0.011825985641577191
null,897,0.895,-0.021229148170933014
null,898,0.195,0.013987919690488496
null,899,0.215,0.01132721649586445
null,900,0.65,-0.006010960748712514
null,901,0.36,0.005279834285279958
null,902,0.4,0.003545625856265976
null,903,0.575,-0.0022841004272405917
null,904,0.22,0.011154947528530836
null,905,0.44,0.0009467838983644077
null,906,0.17,0.0126634309501389
null,907,0.475,-0.00025650351654334016
null,908,0.12,0.020033444691678833
null,909,0.18,0.016035756919639516
null,910,0.955,-0.029575474248292353
null,911,0.98,-0.03474823415629285
null,912,0.23,0.012638947107838656
null,913,0.22,0.009084027234089811
null,914,0.49,0.0006836853621795941
null,915,0.765,-0.01180163077332537
null,916,0.07,0.025054122129372546
null,917,0.11,0.02099557798423611
null,918,0.52,-0.000513303343888245
null,919,0.54,-0.0005243115210316167
null,920,0.2,0.01225832886019371
null,921,0.93,-0.020290656752640957
null,922,0.37,0.0066340990463788305
null,923,0.3,0.008415023719170528
null,924,0.825,-0.01396187973352415
null,925,0.005,0.0465473642548999
null,926,0.77,-0.011927359359301719
null,927,0.35,0.00600788539191388
null,928,0.505,-0.0018285176491595044
null,929,0.03,0.02254603801478358
null,930,0.995,-0.03231371552523699
null,931,0.775,-0.012084901379660302
null,932,0.9,-0.01856912375913735
null,933,0.385,0.006518859161255481
null,934,0.7,-0.0077721151882115865
null,935,0.77,-0.013026853235533688
null,936,0.76,-0.01258167412726277
null,937,0.55,-0.00046583445732426313
null,938,0.79,-0.012411203119310538
null,939,0.235,0.01207758052802838
null,940,0.46,0.0014854056893585234
null,941,0.285,0.00874839813586537
null,942,0.465,0.0011591711628472336
null,943,0.08,0.019375457871642705
null,944,0.255,0.012080360812776946
null,945,0.665,-0.005994521807030482
null,946,0.125,0.01594506272101773
null,947,0.85,-0.01814284487084046
null,948,0.345,0.007457845373346943
null,949,0.815,-0.013353482216269016
null,950,0.56,-0.0023172788287951092
null,951,0.33,0.008028245699783453
null,952,0.245,0.009398011901445581
null,953,0.28,0.010587695211372162
null,954,0.865,-0.0162684919896286
null,955,0.82,-0.014672140356713518
null,956,0.895,-0.01820609237484375
null,957,0.25,0.01144214148006051
null,958,0.535,-0.000414615553099058
null,959,0.675,-0.006363319068171685
null,960,0.705,-0.010652788076313537
null,961,0.44,0.0031076360063640195
null,962,0.785,-0.012520057692447515
null,963,0.675,-0.007349776565270562
null,964,0.25,0.011371337035474577
null,965,0.34,0.005882799498313488
null,966,0.195,0.012994758452739284
null,967,0.72,-0.007974649815718163
null,968,0.25,0.009483332527876222
null,969,0.29,0.008581819964046826
null,970,0.67,-0.006067788038377815
null,971,0.685,-0.007457732279583479
null,972,0.74,-0.01165885610395075
null,973,0.2,0.013547633432624703
null,974,0.93,-0.025743647187579898
null,975,0.08,0.02592205813043568
null,976,0.425,0.003520887020217378
null,977,0.625,-0.00457636266963783
null,978,0.795,-0.012183089823501006
null,979,0.685,-0.008432489873988376
null,980,0.565,-0.005221773730925992
null,981,0.74,-0.010599786855875468
null,982,0.29,0.008252872035177232
null,983,0.795,-0.012299097568761496
null,984,0.24,0.01073117618231352
null,985,0.525,-0.0012040966441536185
null,986,0.87,-0.018709130908914975
null,987,0.595,-0.0020693892981143336
null,988,0.785,-0.012545920513024405
null,989,0.985,-0.02610253737568581
null,990,0.37,0.004202795153064317
null,991,0.42,0.002317052315211881
null,992,0.055,0.0221240602079224
null,993,0.025,0.0317837626073674
null,994,0.275,0.009812983347570926
null,995,0.115,0.01883562135907723
null,996,0.54,-0.002299502318306671
null,997,0.92,-0.025397788060057925
null,998,0.97,-0.03156273259673811
null,999,0.53,-8.005587008600053e-05
injected,0,0.005,0.08967901897661634
injected,1,0.005,0.08761473051996746
injected,2,0.005,0.10966144758676956
injected,3,0.005,0.09714903723145676
injected,4,0.005,0.0814425968793404
injected,5,0.005,0.09884965261612157
injected,6,0.005,0.09671156740975817
injected,7,0.005,0.09759014089812405
injected,8,0.005,0.09438740743179247
injected,9,0.005,0.11359613701752119
injected,10,0.005,0.08511054288897324
injected,11,0.005,0.08641746834507161
injected,12,0.005,0.0882220487604495
injected,13,0.005,0.09191730345700316
injected,14,0.005,0.06280155913400733
injected,15,0.005,0.06625878943750152
injected,16,0.005,0.08306317438927172
injected,17,0.005,0.07896925620147278
injected,18,0.005,0.07855318121014705
injected,19,0.005,0.05764363761601243
injected,20,0.005,0.1094872676718034
injected,21,0.005,0.09854838230731609
injected,22,0.005,0.06065595142596902
injected,23,0.005,0.09126674034529438
injected,24,0.005,0.06304753217268004
injected,25,0.005,0.06288589892225387
injected,26,0.005,0.07552501511930244
injected,27,0.005,0.11059991410788662
injected,28,0.005,0.07600158668721393
injected,29,0.005,0.08660696605781952
injected,30,0.005,0.09864989339681156
injected,31,0.005,0.10017334853360917
injected,32,0.005,0.09489461653595718
injected,33,0.005,0.10343151258983346
injected,34,0.005,0.10253616541221941
injected,35,0.005,0.0996618166329317
injected,36,0.005,0.1074149603248745
injected,37,0.005,0.0959235322628641
injected,38,0.005,0.09262727796763179
injected,39,0.005,0.08684632007421195
injected,40,0.005,0.08628504925077442
injected,41,0.005,0.08479012549685894
injected,42,0.005,0.08272531716744302
injected,43,0.005,0.0968598337739344
injected,44,0.005,0.08864515061502969
injected,45,0.005,0.07737630661035344
injected,46,0.005,0.11376874089768724
injected,47,0.005,0.08655410642326036
injected,48,0.005,0.07939606108525418
injected,49,0.005,0.0991405232102827
injected,50,0.005,0.11257767833096535
injected,51,0.005,0.1151116731820828
injected,52,0.005,0.12130043929854369
injected,53,0.005,0.08410129214969314
injected,54,0.005,0.05685246580260353
injected,55,0.005,0.07508912386060586
injected,56,0.005,0.09795987981433418
injected,57,0.005,0.09380998695990414
injected,58,0.005,0.09639266975704945
injected,59,0.005,0.08339923918292703
injected,60,0.005,0.08657108875247127
injected,61,0.005,0.08769004217838852
injected,62,0.005,0.10014180082709112
injected,63,0.005,0.10631252366449434
injected,64,0.005,0.09378900723798245
injected,65,0.005,0.08067178731868059
injected,66,0.005,0.09722426839224882
injected,67,0.005,0.08224510077809127
injected,68,0.005,0.09424603070095601
injected,69,0.005,0.07994601985334326
injected,70,0.005,0.08406566425056702
injected,71,0.005,0.06225536479856397
injected,72,0.005,0.11879896465324166
injected,73,0.005,0.10339970524213095
injected,74,0.005,0.09228049267591244
injected,75,0.005,0.08075553631283379
injected,76,0.005,0.09267071050214412
injected,77,0.005,0.08805707291617344
injected,78,0.005,0.09692865994588556
injected,79,0.005,0.10121858944309485
injected,80,0.005,0.08708604532907427
injected,81,0.005,0.07436733336182295
injected,82,0.005,0.07223338415588137
injected,83,0.005,0.0945714691000848
injected,84,0.005,0.08210828024131793
injected,85,0.005,0.0681288277857338
injected,86,0.005,0.08760707793886119
injected,87,0.005,0.11569373069878408
injected,88,0.005,0.11035337222961594
injected,89,0.005,0.11244912696226354
injected,90,0.005,0.09064217117081673
injected,91,0.005,0.10787917875574463
injected,92,0.005,0.0943698861156212
injected,93,0.005,0.08141931128517957
injected,94,0.005,0.07178083072925517
injected,95,0.005,0.0930954256426324
injected,96,0.005,0.09613615600421041
injected,97,0.005,0.08902846337010902
injected,98,0.005,0.11502521844862588
injected,99,0.005,0.08574312109095701
injected,100,0.005,0.05585193440412144
injected,101,0.005,0.08817452262706717
injected,102,0.005,0.10570494801319615
injected,103,0.005,0.06500732144335346
injected,104,0.005,0.09281997686275523
injected,105,0.005,0.07935223211886808
injected,106,0.005,0.10112352310131494
injected,107,0.005,0.12528447528535272
injected,108,0.005,0.08797798094643748
injected,109,0.005,0.10730967755313194
injected,110,0.005,0.08218334453615464
injected,111,0.005,0.0639853402269817
injected,112,0.005,0.08335541394979769
injected,113,0.005,0.1017788885687505
injected,114,0.005,0.08579696902065777
injected,115,0.005,0.08005154042910534
injected,116,0.005,0.0857853818439763
injected,117,0.005,0.09990160207895195
injected,118,0.005,0.08509994006307475
injected,119,0.005,0.08493179892090288
injected,120,0.005,0.11698233522402528
injected,121,0.005,0.077902701786886
injected,122,0.005,0.08464889870667115
injected,123,0.005,0.08380175813017124
injected,124,0.005,0.09222294529448515
injected,125,0.005,0.09949213051557021
injected,126,0.005,0.0706270425865215
injected,127,0.005,0.08739580628617966
injected,128,0.005,0.08662735791428171
injected,129,0.005,0.11040549570255445
injected,130,0.005,0.07226564565752928
injected,131,0.005,0.08834624231028154
injected,132,0.005,0.13136568262865994
injected,133,0.005,0.06157463533160709
injected,134,0.005,0.11947912671395476
injected,135,0.005,0.09206095537385235
injected,136,0.005,0.10238726038543076
injected,137,0.005,0.11290995548861867
injected,138,0.005,0.0880689628510951
injected,139,0.005,0.0842555843657931
injected,140,0.005,0.08260631843559019
injected,141,0.005,0.08016939218696963
injected,142,0.005,0.10838105439187573
injected,143,0.005,0.09915194094134368
injected,144,0.005,0.08988821747796179
injected,145,0.005,0.08655501200289721
injected,146,0.005,0.08009143794327675
injected,147,0.005,0.0971657103882276
injected,148,0.005,0.10117798047061895
injected,149,0.005,0.07160924218016707
injected,150,0.005,0.08622075309678072
injected,151,0.005,0.09792561808208329
injected,152,0.005,0.0686112395092636
injected,153,0.005,0.10922944715468721
injected,154,0.005,0.07983809771951025
injected,155,0.005,0.09899169685029592
injected,156,0.005,0.08472641137811342
injected,157,0.005,0.09271670627739696
injected,158,0.005,0.09499550770789081
injected,159,0.005,0.08827614160432515
injected,160,0.005,0.10803633907010558
injected,161,0.005,0.10240933154266796
injected,162,0.005,0.10170601132732396
injected,163,0.005,0.08762811476911615
injected,164,0.005,0.10951921172036255
injected,165,0.005,0.09326176007458689
injected,166,0.005,0.08588451572898109
injected,167,0.005,0.1168485744414682
injected,168,0.005,0.09620230488195303
injected,169,0.005,0.12351727131871482
injected,170,0.005,0.07032879481847176
injected,171,0.005,0.06727370962647236
injected,172,0.005,0.09565613702178677
injected,173,0.005,0.09527153391610158
injected,174,0.005,0.10876041786802766
injected,175,0.005,0.10183512584156203
injected,176,0.005,0.07986557927206953
injected,177,0.005,0.07743256367953467
injected,178,0.005,0.0945879395271619
injected,179,0.005,0.0717295440806747
injected,180,0.005,0.07861059638640569
injected,181,0.005,0.10483963704753468
injected,182,0.005,0.07241857200147515
injected,183,0.01,0.04839733496121735
injected,184,0.005,0.09822250084090411
injected,185,0.005,0.06675982531395293
injected,186,0.005,0.10250752652415454
injected,187,0.005,0.11659205262645937
injected,188,0.005,0.11463262262052075
injected,189,0.005,0.08200797052150885
injected,190,0.005,0.11004790862479187
injected,191,0.005,0.09387855760379625
injected,192,0.005,0.10311399074860653
injected,193,0.005,0.08954101573978916
injected,194,0.005,0.07788749855330511
injected,195,0.005,0.11346671727145202
injected,196,0.005,0.09725036666096114
injected,197,0.005,0.10179105695880407
injected,198,0.005,0.07351539222529763
injected,199,0.005,0.10866901274761302
injected,200,0.005,0.10208720925554308
injected,201,0.005,0.0798297421067448
injected,202,0.005,0.10813156702157355
injected,203,0.005,0.10143235276254717
injected,204,0.005,0.09271460450621347
injected,205,0.005,0.07998448521142847
injected,206,0.005,0.09792344039978765
injected,207,0.005,0.07315908577779548
injected,208,0.005,0.08644065642650373
injected,209,0.005,0.07670943314308402
injected,210,0.005,0.10768474307623808
injected,211,0.005,0.11334885254691278
injected,212,0.005,0.09815015215693709
injected,213,0.005,0.09276822028511003
injected,214,0.005,0.09946536423954487
injected,215,0.005,0.08186028763813098
injected,216,0.005,0.08248842782610842
injected,217,0.005,0.09878614482302026
injected,218,0.005,0.09902309793769143
injected,219,0.005,0.09308936669845375
injected,220,0.005,0.06218349570767184
injected,221,0.005,0.10143962910660667
injected,222,0.005,0.09100385990980554
injected,223,0.005,0.08676732812787406
injected,224,0.005,0.07542964350522115
injected,225,0.005,0.09582387956462941
injected,226,0.005,0.0501457679969332
injected,227,0.005,0.09186497095704858
injected,228,0.005,0.07767171724992122
injected,229,0.005,0.08271790536676749
injected,230,0.005,0.09968872699253085
injected,231,0.005,0.11692029316764635
injected,232,0.005,0.09859371015347321
injected,233,0.005,0.07853092761105522
injected,234,0.005,0.08814294491134737
injected,235,0.005,0.09405052975935273
injected,236,0.005,0.08537797854818066
injected,237,0.005,0.07672227440676051
injected,238,0.005,0.0856607019690922
injected,239,0.005,0.08473601680898638
injected,240,0.005,0.080522654853324
injected,241,0.005,0.07643877034340787
injected,242,0.005,0.11019399585144052
injected,243,0.005,0.10865766537586624
injected,244,0.005,0.07728622392024376
injected,245,0.005,0.09213442968581737
injected,246,0.005,0.09737290428701592
injected,247,0.005,0.08889673425778767
injected,248,0.005,0.07036977314770859
injected,249,0.005,0.08056787330058598
injected,250,0.005,0.04689849322929225
injected,251,0.005,0.12740736698274194
injected,252,0.005,0.12199276956585317
injected,253,0.005,0.09037544674397308
injected,254,0.005,0.09322314265786652
injected,255,0.005,0.10158856796180053
injected,256,0.005,0.10783675970915299
injected,257,0.005,0.07516332774184194
injected,258,0.005,0.08852564388407108
injected,259,0.005,0.06702407212362221
injected,260,0.005,0.1024311300668122
injected,261,0.005,0.11425535703453915
injected,262,0.005,0.08816594621877233
injected,263,0.005,0.06954149826027768
injected,264,0.005,0.10183655626521433
injected,265,0.005,0.07287802599988044
injected,266,0.005,0.09626181704111465
injected,267,0.005,0.07121190384172355
injected,268,0.005,0.07636532284469491
injected,269,0.005,0.10929642492796003
injected,270,0.005,0.09101832926205268
injected,271,0.005,0.12715649912172228
injected,272,0.005,0.08828283614662691
injected,273,0.005,0.07248482857530864
injected,274,0.005,0.0877343499712526
injected,275,0.005,0.09747419963905515
injected,276,0.005,0.09528340586119081
injected,277,0.005,0.065422465688949
injected,278,0.005,0.06730127045860802
injected,279,0.005,0.07597438103016098
injected,280,0.005,0.09230435882174505
injected,281,0.005,0.11912223815665748
injected,282,0.005,0.1057062345906525
injected,283,0.005,0.09499808776943314
injected,284,0.005,0.10871110822659245
injected,285,0.005,0.11016168162254837
injected,286,0.005,0.08190684807944154
injected,287,0.005,0.0948651397397712
injected,288,0.005,0.08251180594366479
injected,289,0.005,0.07128898988187922
injected,290,0.005,0.09691333524758011
injected,291,0.005,0.08055003639638555
injected,292,0.005,0.11773132937499313
injected,293,0.005,0.09962225878808406
injected,294,0.005,0.07981602926236964
injected,295,0.005,0.09539543012668329
injected,296,0.005,0.07430126410367256
injected,297,0.005,0.1279222133983899
injected,298,0.005,0.0719713178469438
injected,299,0.005,0.09111688670311868
injected,300,0.005,0.08927922503421493
injected,301,0.005,0.09235840886355808
injected,302,0.005,0.0898385101647137
injected,303,0.005,0.11812964818863433
injected,304,0.005,0.10197275851311832
injected,305,0.005,0.09125987037119869
injected,306,0.005,0.10854549696304897
injected,307,0.005,0.11065663065339339
injected,308,0.005,0.09252721055414118
injected,309,0.005,0.07279867587921574
injected,310,0.005,0.0815675504312413
injected,311,0.005,0.09015275566623647
injected,312,0.005,0.07712528471413703
injected,313,0.005,0.0825666078999571
injected,314,0.005,0.08380829381708882
injected,315,0.005,0.11447314769754593
injected,316,0.005,0.10109303461635342
injected,317,0.005,0.10394400837281229
injected,318,0.005,0.07327025431041577
injected,319,0.005,0.12081255658204472
injected,320,0.005,0.08952636347044667
injected,321,0.005,0.0863147256904522
injected,322,0.005,0.0922002093870137
injected,323,0.005,0.08027586476037486
injected,324,0.005,0.0982505503551743
injected,325,0.005,0.07921508889235315
injected,326,0.005,0.0936007884963658
injected,327,0.005,0.10441213755027555
injected,328,0.005,0.07645175828655346
injected,329,0.005,0.07467836015171146
injected,330,0.005,0.06745931138940126
injected,331,0.005,0.07986888569166448
injected,332,0.005,0.09864054851082907
injected,333,0.005,0.09927960505113682
injected,334,0.005,0.11519763289096649
injected,335,0.005,0.1038075810482668
injected,336,0.005,0.08861832682836268
injected,337,0.005,0.06550738285318453
injected,338,0.005,0.08962190474889666
injected,339,0.005,0.11562860060574423
injected,340,0.005,0.07632384503652483
injected,341,0.005,0.07145026611376165
injected,342,0.005,0.07103193202919518
injected,343,0.005,0.11894606090014728
injected,344,0.005,0.07601090662115532
injected,345,0.005,0.05651409645901834
injected,346,0.005,0.09024108567626693
injected,347,0.005,0.11324031747783089
injected,348,0.005,0.12996432337367006
injected,349,0.005,0.08956848094778175
injected,350,0.005,0.12044729807780624
injected,351,0.005,0.10082631826889357
injected,352,0.005,0.059973576114131656
injected,353,0.005,0.0947232256696676
injected,354,0.005,0.08950039768267981
injected,355,0.005,0.11107803469763669
injected,356,0.005,0.09639612530526889
injected,357,0.005,0.09342027908245788
injected,358,0.005,0.07867241079810902
injected,359,0.005,0.09156430903744242
injected,360,0.005,0.0938609419150101
injected,361,0.005,0.08409638362426092
injected,362,0.005,0.06370860206916491
injected,363,0.005,0.09702351341230704
injected,364,0.005,0.1041395606192271
injected,365,0.005,0.07166408332412876
injected,366,0.005,0.09247734781106554
injected,367,0.005,0.10139377185117969
injected,368,0.005,0.1089492740646893
injected,369,0.005,0.10549114285385336
injected,370,0.005,0.12479596978928613
injected,371,0.005,0.09975280938865089
injected,372,0.005,0.09590973662533106
injected,373,0.005,0.1068808279307675
injected,374,0.005,0.08642853652690291
injected,375,0.005,0.10526217145353735
injected,376,0.005,0.0753860273612261
injected,377,0.005,0.11247585377136386
injected,378,0.005,0.07824429225685453
injected,379,0.005,0.07758408314354387
injected,380,0.005,0.08599181066527563
injected,381,0.005,0.08869736003089387
injected,382,0.005,0.07844516955775031
injected,383,0.005,0.0939197314058964
injected,384,0.005,0.10023627609985636
injected,385,0.005,0.10066322743010292
injected,386,0.005,0.07133542069419092
injected,387,0.005,0.0928769691385751
injected,388,0.005,0.11371408822084764
injected,389,0.005,0.08030548310157232
injected,390,0.005,0.08054456412827103
injected,391,0.005,0.10112651540299634
injected,392,0.005,0.08077885890166243
injected,393,0.005,0.09630767709211788
injected,394,0.005,0.08504998089425826
injected,395,0.005,0.08071117475441482
injected,396,0.005,0.10764243303922866
injected,397,0.005,0.0893543061398564
injected,398,0.005,0.09534202918192002
injected,399,0.005,0.08967162185219407
injected,400,0.005,0.08817962617017232
injected,401,0.005,0.1009594832392484
injected,402,0.005,0.09588149149347543
injected,403,0.005,0.07918396197485601
injected,404,0.005,0.08215021252137715
injected,405,0.005,0.09749308203889534
injected,406,0.005,0.10146363854520407
injected,407,0.005,0.09511539677117027
injected,408,0.005,0.09934702616966093
injected,409,0.005,0.10504732173581958
injected,410,0.005,0.09633179608195012
injected,411,0.005,0.12226790420602307
injected,412,0.005,0.07151036710030402
injected,413,0.005,0.10997268254069967
injected,414,0.005,0.08452117631690478
injected,415,0.005,0.09144173720217542
injected,416,0.005,0.10849237721817773
injected,417,0.005,0.12105898647302518
injected,418,0.005,0.08715772469569545
injected,419,0.005,0.08703938098705462
injected,420,0.005,0.07176182334409066
injected,421,0.005,0.11395080339653008
injected,422,0.005,0.12020962971222639
injected,423,0.005,0.09680215847581047
injected,424,0.005,0.06450016307547538
injected,425,0.005,0.07280602709904095
injected,426,0.005,0.0915532718258038
injected,427,0.005,0.11065053443530722
injected,428,0.005,0.07039414586888675
injected,429,0.005,0.09604960139598537
injected,430,0.005,0.0885781049460914
injected,431,0.005,0.09194321920657007
injected,432,0.005,0.10243301084841941
injected,433,0.005,0.11365219579591361
injected,434,0.005,0.08070483036503193
injected,435,0.005,0.07665750515485806
injected,436,0.005,0.0829717064417107
injected,437,0.005,0.07509711579399991
injected,438,0.005,0.1019201528898264
injected,439,0.005,0.06642934956209123
injected,440,0.005,0.09009955141195382
injected,441,0.005,0.11132116101551205
injected,442,0.005,0.09175821765590955
injected,443,0.005,0.08922680846935993
injected,444,0.005,0.05832767747612366
injected,445,0.005,0.08048554074253939
injected,446,0.005,0.09530970196065555
injected,447,0.005,0.11279795715711267
injected,448,0.005,0.08371510099293067
injected,449,0.005,0.11971946947339393
injected,450,0.005,0.08301416465425451
injected,451,0.005,0.08227912697936851
injected,452,0.005,0.0817303367638981
injected,453,0.005,0.10592900978029306
injected,454,0.005,0.11140639152280536
injected,455,0.005,0.10784659851831133
injected,456,0.005,0.0852392873662158
injected,457,0.005,0.0828837244465607
injected,458,0.005,0.08868773695867184
injected,459,0.005,0.10989697618219492
injected,460,0.005,0.09612889772583307
injected,461,0.005,0.07884555957563993
injected,462,0.005,0.08912860272187319
injected,463,0.005,0.09269706779708844
injected,464,0.005,0.09527356534678318
injected,465,0.005,0.08604411978675404
injected,466,0.005,0.06922474681732005
injected,467,0.005,0.10214504704593999
injected,468,0.005,0.09627364307721227
injected,469,0.005,0.11753945606110752
injected,470,0.005,0.07714305261985062
injected,471,0.005,0.087016408221253
injected,472,0.005,0.07113646303342665
injected,473,0.005,0.08592534336473943
injected,474,0.005,0.09474140002827813
injected,475,0.005,0.08147540063986951
injected,476,0.005,0.14165850656053533
injected,477,0.005,0.07685019450773052
injected,478,0.005,0.08740472523100473
injected,479,0.005,0.08874876242050908
injected,480,0.005,0.08183472904347508
injected,481,0.005,0.08867212040416234
injected,482,0.005,0.10493691115874619
injected,483,0.005,0.09778365943036725
injected,484,0.005,0.09579533554001177
injected,485,0.005,0.10894121261716574
injected,486,0.005,0.07327995433717929
injected,487,0.005,0.08666110144821847
injected,488,0.005,0.09104005311627755
injected,489,0.005,0.08710718176183521
injected,490,0.005,0.07672576208750953
injected,491,0.005,0.10275553968131045
injected,492,0.005,0.06615654198461925
injected,493,0.005,0.12565094714102676
injected,494,0.005,0.07433194036329004
injected,495,0.005,0.09781998482736705
injected,496,0.005,0.11042750007254691
injected,497,0.005,0.09262034776304369
injected,498,0.005,0.0805698860691923
injected,499,0.005,0.08472137556579604
injected,500,0.005,0.11290997994148025
injected,501,0.005,0.10022029580437683
injected,502,0.005,0.09478823942631716
injected,503,0.005,0.05832008493358648
injected,504,0.005,0.0901708883943983
injected,505,0.005,0.07577437353680808
injected,506,0.005,0.11227638926089137
injected,507,0.005,0.1030286062573613
injected,508,0.005,0.11095594679677015
injected,509,0.005,0.08316234951873892
injected,510,0.005,0.074436770154725
injected,511,0.005,0.07639328132435297
injected,512,0.005,0.07995962821158423
injected,513,0.005,0.09014854209399649
injected,514,0.005,0.09250781682710384
injected,515,0.005,0.07976271838121295
injected,516,0.005,0.09155526515392359
injected,517,0.005,0.08199616093595341
injected,518,0.005,0.0941812552679546
injected,519,0.005,0.09082825705700558
injected,520,0.005,0.09792416269946233
injected,521,0.005,0.0746314566390108
injected,522,0.005,0.08551207991649278
injected,523,0.005,0.0989751823639168
injected,524,0.005,0.12385437989607405
injected,525,0.005,0.09953939938979173
injected,526,0.005,0.095038275433343
injected,527,0.005,0.07295718303406397
injected,528,0.005,0.08175326154932228
injected,529,0.005,0.09157550372861072
injected,530,0.005,0.09174427957047802
injected,531,0.005,0.10325463647290622
injected,532,0.005,0.08779013807765738
injected,533,0.005,0.08947999114811317
injected,534,0.005,0.09934357394150303
injected,535,0.005,0.08284846667761965
injected,536,0.005,0.1246087486909585
injected,537,0.005,0.11315215764180639
injected,538,0.005,0.10470778924651117
injected,539,0.005,0.09628801083611267
injected,540,0.005,0.09011873314567062
injected,541,0.005,0.09475510302976306
injected,542,0.005,0.08571493472436265
injected,543,0.005,0.09560207317723224
injected,544,0.005,0.09183660105245864
injected,545,0.005,0.08092274352696768
injected,546,0.005,0.06751513530729805
injected,547,0.005,0.10396965485201222
injected,548,0.005,0.08417955395192517
injected,549,0.005,0.13276094150229917
injected,550,0.005,0.11643645108704824
injected,551,0.005,0.09768993897464003
injected,552,0.005,0.08276127376679712
injected,553,0.005,0.09092673523719817
injected,554,0.005,0.08689701930528228
injected,555,0.005,0.09750817215482145
injected,556,0.005,0.08530814963750373
injected,557,0.005,0.0769041298975733
injected,558,0.005,0.1039083909783663
injected,559,0.005,0.10295716065496226
injected,560,0.005,0.08503886490037482
injected,561,0.005,0.047031892946194184
injected,562,0.005,0.0891611486395851
injected,563,0.005,0.0718156053978129
injected,564,0.005,0.07642075083668547
injected,565,0.005,0.11979437298060631
injected,566,0.005,0.09496983035171097
injected,567,0.005,0.08864567031498047
injected,568,0.005,0.082617123457525
injected,569,0.005,0.07376131827071995
injected,570,0.005,0.1212488811120925
injected,571,0.005,0.12809560311866355
injected,572,0.005,0.0894043639904459
injected,573,0.005,0.08745466416842648
injected,574,0.005,0.07042297833374075
injected,575,0.005,0.09476692614147518
injected,576,0.005,0.1137213218250992
injected,577,0.005,0.10998533628891168
injected,578,0.005,0.07015732043766906
injected,579,0.005,0.06967132818581293
injected,580,0.005,0.11753843180342344
injected,581,0.005,0.09383259896131749
injected,582,0.005,0.09301551112660227
injected,583,0.005,0.07995186178217151
injected,584,0.005,0.08880519666271783
injected,585,0.005,0.1003357385741611
injected,586,0.005,0.08722856709684243
injected,587,0.005,0.09854719383551991
injected,588,0.005,0.09458418993801422
injected,589,0.005,0.09993500701094905
injected,590,0.005,0.11307668288022764
injected,591,0.005,0.1137348078093397
injected,592,0.005,0.11061310952777458
injected,593,0.005,0.09712129513165284
injected,594,0.005,0.10111584568006923
injected,595,0.005,0.08794807732147747
injected,596,0.005,0.10333434547675292
injected,597,0.005,0.08739817965300697
injected,598,0.005,0.07477205957627352
injected,599,0.005,0.10111930657619361
injected,600,0.005,0.07193081179281814
injected,601,0.005,0.06792684186283901
injected,602,0.005,0.10326466485049808
injected,603,0.005,0.09593384778384903
injected,604,0.005,0.10773178398680776
injected,605,0.005,0.09721706285734308
injected,606,0.005,0.11204147666732173
injected,607,0.005,0.07205608440215629
injected,608,0.005,0.09003878903689473
injected,609,0.005,0.061322591475928445
injected,610,0.005,0.05429228601638324
injected,611,0.005,0.08110085432763173
injected,612,0.005,0.07630996246533461
injected,613,0.005,0.07680256924716637
injected,614,0.005,0.09349000758189216
injected,615,0.005,0.07569394610264782
injected,616,0.005,0.11986755710840913
injected,617,0.005,0.06498281825403027
injected,618,0.005,0.10659984792902324
injected,619,0.005,0.08584735783838537
injected,620,0.005,0.10815862335358704
injected,621,0.005,0.1064819473930315
injected,622,0.005,0.07772735370894615
injected,623,0.005,0.11340272405474021
injected,624,0.005,0.08818541754972875
injected,625,0.005,0.08247723465844971
injected,626,0.005,0.09012410623803804
injected,627,0.005,0.09554050186570236
injected,628,0.005,0.08021602114598851
injected,629,0.005,0.09357430937770848
injected,630,0.005,0.09107473490561487
injected,631,0.005,0.11027806884731058
injected,632,0.005,0.12787948176053476
injected,633,0.005,0.06985818435342586
injected,634,0.005,0.08786745635439684
injected,635,0.005,0.09390178598289686
injected,636,0.005,0.09547082872148036
injected,637,0.005,0.09348489969070514
injected,638,0.005,0.09374181406068428
injected,639,0.005,0.07889345939684912
injected,640,0.005,0.13897506590402212
injected,641,0.005,0.10092317053510202
injected,642,0.005,0.12003047023136708
injected,643,0.005,0.07601632287163766
injected,644,0.005,0.11076634807130031
injected,645,0.005,0.10051836953631114
injected,646,0.005,0.0899435872520774
injected,647,0.005,0.08245604759662156
injected,648,0.005,0.08354573404296572
injected,649,0.005,0.08513646378264247
injected,650,0.005,0.08233467959403104
injected,651,0.005,0.08584393223317527
injected,652,0.005,0.11655485933689992
injected,653,0.005,0.09099513789073767
injected,654,0.005,0.10080124152078744
injected,655,0.005,0.10727494308902805
injected,656,0.005,0.10701992027668956
injected,657,0.005,0.09942154844147434
injected,658,0.005,0.09185483573051119
injected,659,0.005,0.08307942355832454
injected,660,0.005,0.0799628748977647
injected,661,0.005,0.08959287537591243
injected,662,0.005,0.1038702258129716
injected,663,0.005,0.10108472256714754
injected,664,0.005,0.09647544826400886
injected,665,0.005,0.08509873411426995
injected,666,0.005,0.10357994923806937
injected,667,0.005,0.09255206831581382
injected,668,0.005,0.10515547779491698
injected,669,0.005,0.10022295174708389
injected,670,0.005,0.07133349496892596
injected,671,0.005,0.08692332781495772
injected,672,0.005,0.08016141940526651
injected,673,0.005,0.09658054850448185
injected,674,0.005,0.1187704679740045
injected,675,0.005,0.06741068086658011
injected,676,0.005,0.10199560699890538
injected,677,0.005,0.06588068338411505
injected,678,0.005,0.09383527876163093
injected,679,0.005,0.06650366778008061
injected,680,0.005,0.11898463608080867
injected,681,0.005,0.08744265613380371
injected,682,0.005,0.11608473440434641
injected,683,0.005,0.0873206806569473
injected,684,0.005,0.09352229945281042
injected,685,0.005,0.0910650324203445
injected,686,0.005,0.07557893581265865
injected,687,0.005,0.11162594133115884
injected,688,0.005,0.06518304655681825
injected,689,0.005,0.10225483280597554
injected,690,0.005,0.09188813721882512
injected,691,0.005,0.08068096084956691
injected,692,0.005,0.08256128245172714
injected,693,0.005,0.0940685559569676
injected,694,0.005,0.0724251195127612
injected,695,0.005,0.11005437081699163
injected,696,0.005,0.06097392108357219
injected,697,0.005,0.1137574323037577
injected,698,0.005,0.09352235113010694
injected,699,0.005,0.088479519404296
injected,700,0.005,0.09225568235263647
injected,701,0.005,0.12319730620394144
injected,702,0.005,0.0837866448669998
injected,703,0.005,0.10282700534228797
injected,704,0.005,0.08089864660677022
injected,705,0.005,0.09108003309147464
injected,706,0.005,0.07877665274846747
injected,707,0.005,0.07769666109153135
injected,708,0.005,0.10046422272272781
injected,709,0.005,0.06521623780194083
injected,710,0.005,0.10488996279470061
injected,711,0.005,0.09451431147838714
injected,712,0.005,0.11523381534482324
injected,713,0.005,0.07903342123813031
injected,714,0.005,0.11076104263553568
injected,715,0.005,0.07284376610417312
injected,716,0.005,0.10753152147594153
injected,717,0.005,0.09243153873918673
injected,718,0.005,0.09595658428164656
injected,719,0.005,0.1024970695507026
injected,720,0.005,0.10329513243529545
injected,721,0.005,0.12031043764014691
injected,722,0.005,0.07138551024866557
injected,723,0.005,0.09382154925117536
injected,724,0.005,0.08142559306217559
injected,725,0.005,0.10265397416637556
injected,726,0.005,0.09836618733259758
injected,727,0.005,0.09746719096041458
injected,728,0.005,0.08565265946952309
injected,729,0.005,0.09457890036691939
injected,730,0.005,0.106790716498626
injected,731,0.005,0.12272665580151418
injected,732,0.005,0.0672369258784477
injected,733,0.005,0.09546572173575896
injected,734,0.005,0.07638379276472548
injected,735,0.005,0.08884512714418365
injected,736,0.005,0.10101617383248594
injected,737,0.055,0.028201067956441964
injected,738,0.005,0.09023685040675
injected,739,0.005,0.08473872955723032
injected,740,0.005,0.07772133329675023
injected,741,0.005,0.0814946198435863
injected,742,0.005,0.0771914914666124
injected,743,0.005,0.07896807923701099
injected,744,0.005,0.08089058889965565
injected,745,0.005,0.08152239984748721
injected,746,0.005,0.112295440029092
injected,747,0.005,0.09579319512749913
injected,748,0.005,0.09135538246526803
injected,749,0.005,0.0876775478231156
injected,750,0.005,0.09792160480317745
injected,751,0.005,0.07466442753504818
injected,752,0.005,0.09209350258294172
injected,753,0.005,0.10532857173254603
injected,754,0.005,0.08072532534263381
injected,755,0.005,0.10468598067597647
injected,756,0.005,0.09125984754742014
injected,757,0.005,0.08095042432723781
injected,758,0.005,0.09086780457853451
injected,759,0.005,0.08676963031784321
injected,760,0.005,0.09188655325613995
injected,761,0.005,0.091609650920128
injected,762,0.005,0.096551197863541
injected,763,0.005,0.053815831273354334
injected,764,0.005,0.0944011097336612
injected,765,0.005,0.09524044482483808
injected,766,0.005,0.10018953356447935
injected,767,0.005,0.07830200812657123
injected,768,0.005,0.07675528318340405
injected,769,0.005,0.11994736689366954
injected,770,0.005,0.11125104267990346
injected,771,0.005,0.1016078145037979
injected,772,0.005,0.08649159901345024
injected,773,0.005,0.12230904162606512
injected,774,0.005,0.10120591255675337
injected,775,0.005,0.09724030984832405
injected,776,0.005,0.08396231179353007
injected,777,0.005,0.08698913359001081
injected,778,0.005,0.07097576342407358
injected,779,0.005,0.10282957079584062
injected,780,0.005,0.09375163722030647
injected,781,0.005,0.07250244938562855
injected,782,0.005,0.12669585762740168
injected,783,0.005,0.06657020009023616
injected,784,0.005,0.09366474286492683
injected,785,0.005,0.08222099537258754
injected,786,0.005,0.07607450362181034
injected,787,0.005,0.0645109860999785
injected,788,0.005,0.0959862738799408
injected,789,0.005,0.08271358618596214
injected,790,0.005,0.08546353229429496
injected,791,0.005,0.08249596053856989
injected,792,0.005,0.0979724672941524
injected,793,0.005,0.09177061763727185
injected,794,0.005,0.09456980093204592
injected,795,0.005,0.10795833290621049
injected,796,0.005,0.11298186096006972
injected,797,0.005,0.08288237005810828
injected,798,0.005,0.09934994914560218
injected,799,0.005,0.10521962911152737
injected,800,0.005,0.0861336540553935
injected,801,0.005,0.09082367264485192
injected,802,0.005,0.07943060213029772
injected,803,0.005,0.08689930775433646
injected,804,0.005,0.07412377909028531
injected,805,0.005,0.1287737242952903
injected,806,0.005,0.07588237396497656
injected,807,0.005,0.10695111045541622
injected,808,0.005,0.09895498880452741
injected,809,0.005,0.09691719385315943
injected,810,0.005,0.09751211121867392
injected,811,0.005,0.07525269781092701
injected,812,0.005,0.09114066663936701
injected,813,0.005,0.08661326560913074
injected,814,0.005,0.09110628987643819
injected,815,0.005,0.10024893923741342
injected,816,0.005,0.10515050551132077
injected,817,0.005,0.07415433280306444
injected,818,0.005,0.0961578540369212
injected,819,0.005,0.11486880457451148
injected,820,0.005,0.08184600157519777
injected,821,0.005,0.09360872842682916
injected,822,0.005,0.09114093828042635
injected,823,0.005,0.08923194064762305
injected,824,0.005,0.10430101779552384
injected,825,0.005,0.10527180416057332
injected,826,0.005,0.09757570494087067
injected,827,0.005,0.07502365114827678
injected,828,0.005,0.09663957419931371
injected,829,0.005,0.08844221055127864
injected,830,0.005,0.09984878643381304
injected,831,0.005,0.10607298439292087
injected,832,0.005,0.07074021476862319
injected,833,0.005,0.07426344010880016
injected,834,0.005,0.10709246125652527
injected,835,0.005,0.08662614463742413
injected,836,0.005,0.08795459404152274
injected,837,0.005,0.09384704337856305
injected,838,0.005,0.07932858497454905
injected,839,0.005,0.0736619676053345
injected,840,0.005,0.07700043434191405
injected,841,0.005,0.10541976904944714
injected,842,0.005,0.07950978023867188
injected,843,0.005,0.08457783442389133
injected,844,0.005,0.10947650160506465
injected,845,0.005,0.08538098623121716
injected,846,0.005,0.10693478824953813
injected,847,0.005,0.10141884844610333
injected,848,0.005,0.07407180038738341
injected,849,0.005,0.10384968908673138
injected,850,0.005,0.09795870981410315
injected,851,0.005,0.07109439889017852
injected,852,0.005,0.10067132538178099
injected,853,0.005,0.0848419080665646
injected,854,0.005,0.08362600263224722
injected,855,0.005,0.11192108277971266
injected,856,0.005,0.0918319817506528
injected,857,0.005,0.09034451970305592
injected,858,0.005,0.09982097895401115
injected,859,0.005,0.08095199333729286
injected,860,0.005,0.08364538283016254
injected,861,0.005,0.08645124412965705
injected,862,0.005,0.08380074251600894
injected,863,0.005,0.08903585353547985
injected,864,0.005,0.09878008969814046
injected,865,0.005,0.08790588753686533
injected,866,0.005,0.08309122633067287
injected,867,0.005,0.08841270647381017
injected,868,0.005,0.10060321961268437
injected,869,0.005,0.07892579165573536
injected,870,0.005,0.06968709931328598
injected,871,0.005,0.08250332118942895
injected,872,0.005,0.11133986596722124
injected,873,0.005,0.1059112963585412
injected,874,0.005,0.09026500350979683
injected,875,0.005,0.12802313112699681
injected,876,0.005,0.08674453575341387
injected,877,0.005,0.11761064586201708
injected,878,0.005,0.08251570039682055
injected,879,0.005,0.09841900877464207
injected,880,0.005,0.07162652151183554
injected,881,0.005,0.09440344360474849
injected,882,0.005,0.07778410253225072
injected,883,0.005,0.07018672749647445
injected,884,0.005,0.09129296348410398
injected,885,0.005,0.08620326842177538
injected,886,0.005,0.11866086979712644
injected,887,0.005,0.08745277614060795
injected,888,0.005,0.09642087530087974
injected,889,0.005,0.0737164356338511
injected,890,0.005,0.10437188789841004
injected,891,0.005,0.11476350092524694
injected,892,0.005,0.08583491910624279
injected,893,0.005,0.09402997721828388
injected,894,0.005,0.07323296488866494
injected,895,0.005,0.08755037448470204
injected,896,0.005,0.1091879914682427
injected,897,0.005,0.08853752520113997
injected,898,0.005,0.0863058180251365
injected,899,0.005,0.08939460688642253
injected,900,0.005,0.09218531982316747
injected,901,0.005,0.088950889690806
injected,902,0.005,0.09496262194829577
injected,903,0.005,0.07698600224593775
injected,904,0.005,0.05181610720843062
injected,905,0.005,0.1007331349001359
injected,906,0.005,0.09111202303398105
injected,907,0.005,0.09625840766834913
injected,908,0.005,0.07814635236929551
injected,909,0.005,0.1078784143788397
injected,910,0.005,0.0932752967650137
injected,911,0.005,0.10109034407598892
injected,912,0.005,0.10279296867303139
injected,913,0.005,0.07024882643472795
injected,914,0.005,0.0793943190872541
injected,915,0.005,0.08191480766569878
injected,916,0.005,0.09000421170421573
injected,917,0.005,0.081472304071273
injected,918,0.005,0.07837795686619546
injected,919,0.005,0.08253142256773563
injected,920,0.005,0.09653727357536669
injected,921,0.005,0.09641753952682805
injected,922,0.005,0.10630766785211107
injected,923,0.005,0.09664866395583872
injected,924,0.005,0.05960924503408783
injected,925,0.005,0.1135398199751061
injected,926,0.01,0.05559712802107426
injected,927,0.005,0.08246699450995959
injected,928,0.005,0.07715196720217433
injected,929,0.005,0.11744162414283074
injected,930,0.005,0.09989990594242196
injected,931,0.005,0.10045973231702932
injected,932,0.005,0.10030018432815613
injected,933,0.005,0.09405574560295042
injected,934,0.005,0.05443990411812295
injected,935,0.005,0.09777919222591695
injected,936,0.005,0.05116086624321229
injected,937,0.005,0.0990215495866587
injected,938,0.005,0.1078451058745732
injected,939,0.005,0.09072219765837021
injected,940,0.005,0.1225695419962495
injected,941,0.005,0.1033415436564171
injected,942,0.005,0.10400142417876099
injected,943,0.005,0.09523670148231535
injected,944,0.005,0.09740617876109665
injected,945,0.005,0.09512466582508738
injected,946,0.005,0.091193373188117
injected,947,0.005,0.11187054444147321
injected,948,0.005,0.1128770623789551
injected,949,0.005,0.10297404508066284
injected,950,0.005,0.11739967044980326
injected,951,0.005,0.09099867480197474
injected,952,0.005,0.08162287529389775
injected,953,0.005,0.11355008773489353
injected,954,0.005,0.09221737276031088
injected,955,0.005,0.08168009530464138
injected,956,0.005,0.09093512865674622
injected,957,0.005,0.0916355980508569
injected,958,0.005,0.06624132790416265
injected,959,0.005,0.09499411491912486
injected,960,0.005,0.09280273919629578
injected,961,0.005,0.07615359269033549
injected,962,0.005,0.07914727893146195
injected,963,0.005,0.11842817441858444
injected,964,0.005,0.09225985968736077
injected,965,0.005,0.1091202846453312
injected,966,0.005,0.06958068838814532
injected,967,0.005,0.07209291842412825
injected,968,0.005,0.08945225214286173
injected,969,0.005,0.07276302258923706
injected,970,0.005,0.0872429153115637
injected,971,0.005,0.09283467676263818
injected,972,0.005,0.08789764746266837
injected,973,0.005,0.10633584315142075
injected,974,0.005,0.1013087117144881
injected,975,0.005,0.08147303495596057
injected,976,0.005,0.0952567267265228
injected,977,0.005,0.08551104573831278
injected,978,0.005,0.10871281695202666
injected,979,0.005,0.0930821130638317
injected,980,0.005,0.08031012377956849
injected,981,0.005,0.08591930686236628
injected,982,0.005,0.0795442550426192
injected,983,0.005,0.07970729685711414
injected,984,0.005,0.08673474391428133
injected,985,0.005,0.07564351647724722
injected,986,0.005,0.07797940324764839
injected,987,0.005,0.11582990784672526
injected,988,0.005,0.09779361005809854
injected,989,0.005,0.08094776093160747
injected,990,0.005,0.10785851051677647
injected,991,0.005,0.06272602929023817
injected,992,0.005,0.10745145834451289
injected,993,0.005,0.08390920425585331
injected,994,0.005,0.1220368017882277
injected,995,0.005,0.12223639661964245
injected,996,0.005,0.08479199689638595
injected,997,0.005,0.09210363485881001
injected,998,0.005,0.07052483151817764
injected,999,0.005,0.04714750181178359
